{
  "dataset_revision": "c5a29a104738b98a9e76336939199e264163d4a0",
  "task_name": "MSMARCO-with-QE",
  "mteb_version": "1.38.5",
  "scores": {
    "dev": [
      {
        "ndcg_at_1": 0.15,
        "ndcg_at_3": 0.22178,
        "ndcg_at_5": 0.23383,
        "ndcg_at_10": 0.27084,
        "ndcg_at_20": 0.29122,
        "ndcg_at_100": 0.33237,
        "ndcg_at_1000": 0.35378,
        "map_at_1": 0.15,
        "map_at_3": 0.205,
        "map_at_5": 0.2115,
        "map_at_10": 0.22589,
        "map_at_20": 0.23155,
        "map_at_100": 0.23705,
        "map_at_1000": 0.2379,
        "recall_at_1": 0.15,
        "recall_at_3": 0.27,
        "recall_at_5": 0.3,
        "recall_at_10": 0.41667,
        "recall_at_20": 0.49667,
        "recall_at_100": 0.715,
        "recall_at_1000": 0.88,
        "precision_at_1": 0.15,
        "precision_at_3": 0.09,
        "precision_at_5": 0.06,
        "precision_at_10": 0.043,
        "precision_at_20": 0.0255,
        "precision_at_100": 0.0076,
        "precision_at_1000": 0.00095,
        "mrr_at_1": 0.15,
        "mrr_at_3": 0.205,
        "mrr_at_5": 0.2115,
        "mrr_at_10": 0.225968,
        "mrr_at_20": 0.231624,
        "mrr_at_100": 0.237275,
        "mrr_at_1000": 0.237994,
        "nauc_ndcg_at_1_max": 0.194396,
        "nauc_ndcg_at_1_std": 0.025925,
        "nauc_ndcg_at_1_diff1": 0.459913,
        "nauc_ndcg_at_3_max": 0.193867,
        "nauc_ndcg_at_3_std": -0.018001,
        "nauc_ndcg_at_3_diff1": 0.390922,
        "nauc_ndcg_at_5_max": 0.170177,
        "nauc_ndcg_at_5_std": -0.038986,
        "nauc_ndcg_at_5_diff1": 0.354805,
        "nauc_ndcg_at_10_max": 0.180309,
        "nauc_ndcg_at_10_std": 0.008441,
        "nauc_ndcg_at_10_diff1": 0.309128,
        "nauc_ndcg_at_20_max": 0.166572,
        "nauc_ndcg_at_20_std": 0.009994,
        "nauc_ndcg_at_20_diff1": 0.309998,
        "nauc_ndcg_at_100_max": 0.222907,
        "nauc_ndcg_at_100_std": 0.071851,
        "nauc_ndcg_at_100_diff1": 0.324496,
        "nauc_ndcg_at_1000_max": 0.217373,
        "nauc_ndcg_at_1000_std": 0.059149,
        "nauc_ndcg_at_1000_diff1": 0.335421,
        "nauc_map_at_1_max": 0.194396,
        "nauc_map_at_1_std": 0.025925,
        "nauc_map_at_1_diff1": 0.459913,
        "nauc_map_at_3_max": 0.191115,
        "nauc_map_at_3_std": -0.009855,
        "nauc_map_at_3_diff1": 0.40299,
        "nauc_map_at_5_max": 0.177378,
        "nauc_map_at_5_std": -0.022281,
        "nauc_map_at_5_diff1": 0.382008,
        "nauc_map_at_10_max": 0.183284,
        "nauc_map_at_10_std": -0.002376,
        "nauc_map_at_10_diff1": 0.362499,
        "nauc_map_at_20_max": 0.179038,
        "nauc_map_at_20_std": -0.001952,
        "nauc_map_at_20_diff1": 0.362312,
        "nauc_map_at_100_max": 0.184415,
        "nauc_map_at_100_std": 0.003416,
        "nauc_map_at_100_diff1": 0.363998,
        "nauc_map_at_1000_max": 0.184419,
        "nauc_map_at_1000_std": 0.003277,
        "nauc_map_at_1000_diff1": 0.36483,
        "nauc_recall_at_1_max": 0.194396,
        "nauc_recall_at_1_std": 0.025925,
        "nauc_recall_at_1_diff1": 0.459913,
        "nauc_recall_at_3_max": 0.201566,
        "nauc_recall_at_3_std": -0.037591,
        "nauc_recall_at_3_diff1": 0.362173,
        "nauc_recall_at_5_max": 0.151209,
        "nauc_recall_at_5_std": -0.080503,
        "nauc_recall_at_5_diff1": 0.286799,
        "nauc_recall_at_10_max": 0.178725,
        "nauc_recall_at_10_std": 0.054176,
        "nauc_recall_at_10_diff1": 0.16624,
        "nauc_recall_at_20_max": 0.133754,
        "nauc_recall_at_20_std": 0.060631,
        "nauc_recall_at_20_diff1": 0.168433,
        "nauc_recall_at_100_max": 0.473383,
        "nauc_recall_at_100_std": 0.482125,
        "nauc_recall_at_100_diff1": 0.215014,
        "nauc_recall_at_1000_max": 0.623011,
        "nauc_recall_at_1000_std": 0.655027,
        "nauc_recall_at_1000_diff1": 0.257238,
        "nauc_precision_at_1_max": 0.194396,
        "nauc_precision_at_1_std": 0.025925,
        "nauc_precision_at_1_diff1": 0.459913,
        "nauc_precision_at_3_max": 0.201566,
        "nauc_precision_at_3_std": -0.037591,
        "nauc_precision_at_3_diff1": 0.362173,
        "nauc_precision_at_5_max": 0.151209,
        "nauc_precision_at_5_std": -0.080503,
        "nauc_precision_at_5_diff1": 0.286799,
        "nauc_precision_at_10_max": 0.135372,
        "nauc_precision_at_10_std": 0.021043,
        "nauc_precision_at_10_diff1": 0.16481,
        "nauc_precision_at_20_max": 0.091321,
        "nauc_precision_at_20_std": 0.026315,
        "nauc_precision_at_20_diff1": 0.166863,
        "nauc_precision_at_100_max": 0.431716,
        "nauc_precision_at_100_std": 0.448235,
        "nauc_precision_at_100_diff1": 0.159581,
        "nauc_precision_at_1000_max": 0.356274,
        "nauc_precision_at_1000_std": 0.391115,
        "nauc_precision_at_1000_diff1": 0.040404,
        "nauc_mrr_at_1_max": 0.194396,
        "nauc_mrr_at_1_std": 0.025925,
        "nauc_mrr_at_1_diff1": 0.459913,
        "nauc_mrr_at_3_max": 0.191115,
        "nauc_mrr_at_3_std": -0.009855,
        "nauc_mrr_at_3_diff1": 0.40299,
        "nauc_mrr_at_5_max": 0.177378,
        "nauc_mrr_at_5_std": -0.022281,
        "nauc_mrr_at_5_diff1": 0.382008,
        "nauc_mrr_at_10_max": 0.183014,
        "nauc_mrr_at_10_std": -0.002604,
        "nauc_mrr_at_10_diff1": 0.362527,
        "nauc_mrr_at_20_max": 0.178767,
        "nauc_mrr_at_20_std": -0.00218,
        "nauc_mrr_at_20_diff1": 0.362341,
        "nauc_mrr_at_100_max": 0.185968,
        "nauc_mrr_at_100_std": 0.004794,
        "nauc_mrr_at_100_diff1": 0.364145,
        "nauc_mrr_at_1000_max": 0.185372,
        "nauc_mrr_at_1000_std": 0.004107,
        "nauc_mrr_at_1000_diff1": 0.364887,
        "main_score": 0.27084,
        "hf_subset": "default",
        "languages": [
          "eng-Latn"
        ]
      }
    ]
  },
  "evaluation_time": 85682.08979320526,
  "kg_co2_emissions": null
}